{"cameraMode":{"drawMode":0,"name":"Shaded","section":"Shading Mode"},"sceneLighting":false,"audioPlay":false,"sceneViewState":{"m_AlwaysRefresh":false,"showFog":true,"showSkybox":false,"showFlares":true,"showImageEffects":true,"showParticleSystems":true,"showVisualEffectGraphs":true,"m_FxEnabled":true},"in2DMode":false,"pivot":{"x":-4.940000057220459,"y":8.103597640991211,"z":-37.029998779296878},"rotation":{"x":0.260939359664917,"y":0.005792091600596905,"z":-0.0015656561590731145,"w":0.9653366804122925},"size":6.0484724044799809,"orthographic":true}